capacity,demand_scenario,market_condition,replication,dp_revenue,dp_time,saa_revenue,saa_time,revenue_gap
3,low,budget,0,517.4522332641802,0.11837,521.809303302685,13.17208194732666,-0.8420236223582536
3,low,budget,1,536.8217541229878,0.119726,518.2607063764427,12.875975131988525,3.457581143832094
3,low,budget,2,537.8631686297231,0.118591,541.7128633952727,12.748135089874268,-0.7157386841261615
3,low,budget,3,535.6945860912177,0.118362,541.815641248763,12.812816143035889,-1.142638980581923
3,low,budget,4,534.2451598496397,0.118538,533.4645579534998,13.0243399143219,0.14611304973910072
3,low,budget,5,518.3288431402171,0.117396,503.73432283163515,13.311723947525024,2.815687473643815
3,low,budget,6,536.2026657523193,0.11877,518.7356666706644,13.051578044891357,3.257536785489083
3,low,budget,7,493.41129954158134,0.118973,476.3335830787351,13.02360200881958,3.461152283847737
3,low,budget,8,554.7509613240984,0.11892,559.223713819093,12.832741022109985,-0.8062631355011687
3,low,budget,9,527.0865409337307,0.119036,514.4466076352228,13.236859321594238,2.3980755183231097
3,low,budget,10,508.89496249373286,0.119159,516.7905563730038,13.002769947052002,-1.5515173977317955
3,low,budget,11,490.0780854682761,0.117853,491.8009839101287,12.760801792144775,-0.3515559036283744
3,low,budget,12,530.4581971764624,0.11978,520.255081501805,12.81312608718872,1.9234532954654722
3,low,budget,13,545.436485196599,0.119672,539.2091585523533,12.9029381275177,1.1417143541472388
3,low,budget,14,523.212611276639,0.117124,517.132163521675,12.917282819747925,1.1621370784866385
3,low,budget,15,511.7198089217693,0.119366,515.4357234174485,13.09820008277893,-0.7261619407520805
3,low,budget,16,517.0317391232177,0.118441,507.1732159775271,13.163255214691162,1.9067539571958705
3,low,budget,17,513.6909823207094,0.118719,520.5962961090006,13.111127138137817,-1.3442544303765993
3,low,budget,18,521.9502524570546,0.118254,527.9682883041418,12.919066905975342,-1.1529903125360244
3,low,budget,19,491.81359368343374,0.117168,476.7757030824916,13.065792083740234,3.057640291785348
3,low,budget,20,521.1224259655194,0.118277,518.5201688251657,13.153706073760986,0.4993561993676064
3,low,budget,21,563.3588871337611,0.118952,570.139081219674,13.059230089187622,-1.2035301547134576
3,low,budget,22,540.6894231744079,0.119233,547.2162772617597,13.188477993011475,-1.2071355213557537
3,low,budget,23,520.7875594493953,0.118362,528.2040098994352,12.957211971282959,-1.4240836432193067
3,low,budget,24,520.2409509773162,0.119146,515.7632212593537,12.95598816871643,0.8607030472227668
3,low,budget,25,547.0200913602449,0.118362,560.2089528577081,13.059800148010254,-2.4110378587132333
3,low,budget,26,525.4747851589487,0.119302,528.0200929299456,13.080123901367188,-0.4843824752175137
3,low,budget,27,508.2391614036086,0.119131,496.87068903173537,12.851314067840576,2.236835182176205
3,low,budget,28,504.1046497600203,0.116668,505.8148896195543,12.999260902404785,-0.3392628614610401
3,low,budget,29,524.9832556815488,0.117058,514.6990659131783,13.0729820728302,1.958955768030982
3,low,standard,0,793.2635383173748,0.119498,805.1963964811081,13.068090915679932,-1.504274126735305
3,low,standard,1,816.4372072021674,0.119642,803.0821557624984,13.034453868865967,1.6357720253141368
3,low,standard,2,818.4668707699142,0.118932,808.421522072409,12.70953893661499,1.2273372394481636
3,low,standard,3,819.6434079006605,0.1203,821.1552223413203,12.820274114608765,-0.18444782524781
3,low,standard,4,810.9782125754961,0.118998,777.074453675591,12.958796977996826,4.180600461784765
3,low,standard,5,793.4418164443765,0.11958,791.3577885545101,13.466905117034912,0.26265667458837955
3,low,standard,6,824.0244335767737,0.118835,808.6227895763296,13.071813821792603,1.8690761308607646
3,low,standard,7,766.3011939528714,0.119234,760.3345113204961,12.848006010055542,0.778634129694734
3,low,standard,8,837.8030400922477,0.118093,848.8047502155096,12.74226689338684,-1.3131618765731055
3,low,standard,9,807.7083264397932,0.119411,832.5827241141465,13.357254981994629,-3.0796262536990757
3,low,standard,10,786.6632080198808,0.118365,759.0234747145546,13.032614946365356,3.513540867749302
3,low,standard,11,768.6328319912412,0.118569,773.8150491777088,12.582170724868774,-0.6742123118839984
3,low,standard,12,813.653965616184,0.119213,812.1019686917723,12.75082278251648,0.19074409884260343
3,low,standard,13,829.4592294422536,0.118535,830.2968846123973,12.89323616027832,-0.10098810651694352
3,low,standard,14,806.1359922473473,0.119633,809.2339523049927,12.900150775909424,-0.3842974494922283
3,low,standard,15,792.0034031671046,0.119206,788.7103293068225,13.121609926223755,0.41579036745468406
3,low,standard,16,796.802916800845,0.119314,776.0648462601031,13.098132848739624,2.6026599681644007
3,low,standard,17,790.8867394762113,0.119222,781.0905089527686,13.134804010391235,1.2386388637557157
3,low,standard,18,807.4647141964566,0.118701,791.6235932260647,12.900192022323608,1.9618344544202269
3,low,standard,19,763.3314818535554,0.118868,769.5786430959081,13.11034083366394,-0.8184073879912674
3,low,standard,20,787.5280641861572,0.118782,768.4944882472178,13.06931471824646,2.416875893636753
3,low,standard,21,853.379645046073,0.119842,857.6968005444211,13.166893005371094,-0.5058892045772841
3,low,standard,22,821.5300415445809,0.117909,819.991992217267,13.00603699684143,0.18721766089309583
3,low,standard,23,804.6860936839972,0.118859,811.7667342601382,12.95618987083435,-0.8799258035794405
3,low,standard,24,806.6642250139292,0.119332,792.9373883578002,12.882980823516846,1.7016791163500589
3,low,standard,25,837.4893988652218,0.119565,825.9158900799318,13.198813915252686,1.3819289893068245
3,low,standard,26,809.2062228283033,0.118235,825.3059272940942,12.934283971786499,-1.9895675554149668
3,low,standard,27,789.1475726342613,0.118463,789.969903874189,12.888876914978027,-0.10420500150340563
3,low,standard,28,780.8300267501936,0.119561,792.5365268730297,12.945840835571289,-1.4992379547131995
3,low,standard,29,808.259252000174,0.119135,806.8598431313114,13.260528326034546,0.17313861429974253
3,low,luxury,0,1498.713681566352,0.119026,1392.1635432234948,13.076653003692627,7.109439224675553
3,low,luxury,1,1531.7781521383804,0.118864,1418.7029358981993,12.961785078048706,7.381957764727666
3,low,luxury,2,1522.3933208457001,0.118815,1411.6157354252234,12.623407125473022,7.276541738828636
3,low,luxury,3,1533.6536388367676,0.119572,1376.4473333293943,12.97764801979065,10.250443876402878
3,low,luxury,4,1528.7401399597375,0.118705,1411.4375191773718,12.954856157302856,7.67315632763166
3,low,luxury,5,1511.1319986123087,0.119751,1444.4948145849025,13.274814128875732,4.409752694575983
3,low,luxury,6,1547.5534961650549,0.120156,1455.0685804405546,13.05958080291748,5.976201530589045
3,low,luxury,7,1453.9580768441924,0.119356,1377.7456231775166,12.993371725082397,5.2417229135034304
3,low,luxury,8,1556.3041622410638,0.118699,1461.375422960088,12.734780073165894,6.099626383076642
3,low,luxury,9,1523.0912233316942,0.119833,1459.2483628333537,13.20948600769043,4.191663606247243
3,low,luxury,10,1482.9361632294629,0.119819,1416.8910049020544,13.043668031692505,4.453675078202872
3,low,luxury,11,1446.8260771346245,0.119282,1323.4063781827572,12.738554954528809,8.530375620288417
3,low,luxury,12,1518.8267139084733,0.118622,1397.9071627828537,12.73636507987976,7.961379005143465
3,low,luxury,13,1543.03452123479,0.119536,1428.9584381375673,12.819055080413818,7.3929702496827465
3,low,luxury,14,1508.053245388573,0.118897,1428.3377251957604,12.938276767730713,5.285988438178301
3,low,luxury,15,1497.6767773161591,0.118171,1417.9809758963293,13.22229290008545,5.321295130358165
3,low,luxury,16,1505.7391330931807,0.119228,1424.5583291375478,13.114212036132812,5.391425524610384
3,low,luxury,17,1489.9177618339743,0.119185,1448.6161336823627,13.147917032241821,2.7720743526657765
3,low,luxury,18,1511.6716310378315,0.119266,1410.5781416606512,12.870435953140259,6.68752970562628
3,low,luxury,19,1453.707394753899,0.119982,1391.5908964885605,13.126652956008911,4.272971196920574
3,low,luxury,20,1495.165731731265,0.119273,1415.9859938853358,13.057215929031372,5.2957164657757545
3,low,luxury,21,1590.0007250189535,0.119089,1461.2790737375772,12.980475187301636,8.095697646920378
3,low,luxury,22,1537.65551352998,0.119075,1407.2808796814456,13.146580934524536,8.478793377408355
3,low,luxury,23,1508.0179226533464,0.1202,1453.7446461110846,12.979231119155884,3.59898086932338
3,low,luxury,24,1509.57703809037,0.119096,1418.1486883562197,12.857378005981445,6.056554082844825
3,low,luxury,25,1561.5596773828072,0.118651,1422.8759315408681,13.060325145721436,8.881104440041298
3,low,luxury,26,1518.6620267495086,0.119098,1411.6851475256753,13.054188966751099,7.0441531650595675
3,low,luxury,27,1484.7706609094057,0.119355,1394.2218892359117,12.860520124435425,6.098502217038279
3,low,luxury,28,1474.224224557018,0.118828,1387.6965610579443,12.925265073776245,5.869369262676032
3,low,luxury,29,1527.314580911531,0.118904,1418.0944245909536,13.09316110610962,7.151123788485847
3,base,budget,0,531.8708293009876,0.117988,522.1055493322214,13.57594108581543,1.8360247320952439
3,base,budget,1,549.7276601033639,0.119162,539.7977129515959,13.250709056854248,1.8063393699165178
3,base,budget,2,562.1994472758047,0.118555,546.2420629633313,13.182205200195312,2.838384916562367
3,base,budget,3,557.0969056598236,0.11938,567.5906260927787,13.289264917373657,-1.883643640153842
3,base,budget,4,548.521229298212,0.119118,554.1143981054128,13.416973114013672,-1.0196813739290922
3,base,budget,5,522.784911720057,0.11836,512.0857805091512,13.455303192138672,2.046564652316341
3,base,budget,6,555.361944683837,0.119836,563.7632005485948,13.458778858184814,-1.512753249512001
3,base,budget,7,505.9300192518586,0.117879,486.7004195414841,13.203408002853394,3.8008418118399376
3,base,budget,8,574.8733928872902,0.118785,588.4995467857574,13.314736127853394,-2.3702878002459205
3,base,budget,9,532.4174571790368,0.118849,527.7777581873767,13.415050983428955,0.8714400568762555
3,base,budget,10,526.0688417473401,0.118429,542.1292248933474,13.404316902160645,-3.0529052229481386
3,base,budget,11,508.3544482843101,0.117608,505.72669839518966,13.091814041137695,0.5169129330901001
3,base,budget,12,553.2516002022626,0.119335,555.2698463706527,13.384362936019897,-0.3647971678079612
3,base,budget,13,567.9331869250029,0.119477,555.9739848851165,13.333084106445312,2.1057410123606157
3,base,budget,14,540.8706759752646,0.118412,537.7657751861553,13.335693836212158,0.5740560409400429
3,base,budget,15,518.518921752374,0.119194,513.1245436894174,13.257628202438354,1.0403435316740133
3,base,budget,16,525.354324724583,0.11821,517.8598849137371,13.410031795501709,1.4265495605798635
3,base,budget,17,528.3847497857458,0.118572,551.3839319060996,13.432770729064941,-4.352733898864361
3,base,budget,18,535.1381158887888,0.11874,560.6690684335503,13.242699146270752,-4.77090900212895
3,base,budget,19,503.2408799777959,0.116972,507.74275222073203,13.31576132774353,-0.894576021553491
3,base,budget,20,531.1317493390837,0.11809,527.6833980627015,13.448909759521484,0.6492459320447754
3,base,budget,21,575.3982043601097,0.118689,568.5188269876337,13.387732028961182,1.1955854780823418
3,base,budget,22,553.5117092099724,0.118313,553.7750053945543,13.323687076568604,-0.047568313407086
3,base,budget,23,542.2487184867354,0.119841,544.6628391394494,13.426017999649048,-0.4452054141227211
3,base,budget,24,537.437994615158,0.118334,528.4763381334918,13.436890840530396,1.667477285092829
3,base,budget,25,555.0841617050437,0.118729,557.6209529436719,13.320347785949707,-0.457010200189461
3,base,budget,26,541.2310480006744,0.117273,562.9813150547359,13.3438720703125,-4.01866580537235
3,base,budget,27,522.3447301056325,0.118352,535.3958979779936,13.153020858764648,-2.4985736660388684
3,base,budget,28,514.3340913439156,0.116548,510.511937054821,13.321494817733765,0.7431267639886783
3,base,budget,29,534.8490995127859,0.117675,518.7121707548198,13.388894081115723,3.0170993599252216
3,base,standard,0,815.4221878886394,0.118341,810.8157714444224,13.516705989837646,0.5649118349531794
3,base,standard,1,835.8733587567232,0.119553,843.7855333591142,13.202095746994019,-0.946575760490749
3,base,standard,2,854.9092850778751,0.119328,881.4998501771578,13.310190200805664,-3.1103376186703255
3,base,standard,3,851.7726615276745,0.118768,849.989403103073,13.446423053741455,0.2093584949537118
3,base,standard,4,832.6371361549807,0.118608,847.5086520929502,13.377224922180176,-1.7860740642249566
3,base,standard,5,800.3502062223438,0.119715,812.6880989383271,13.402352333068848,-1.5415617588478232
3,base,standard,6,853.0632098785044,0.119024,839.4328517052824,13.636798858642578,1.5978133877281258
3,base,standard,7,785.8464063066525,0.119745,798.9947023206342,13.333582162857056,-1.6731381486843646
3,base,standard,8,867.7210039777697,0.118463,848.4338211819196,13.265100955963135,2.2227401097166704
3,base,standard,9,815.7944392210744,0.118869,802.7865961209606,13.38734221458435,1.5945000939861553
3,base,standard,10,812.8010497630173,0.118485,813.0680594635701,13.553945302963257,-0.03285056049455306
3,base,standard,11,796.9353799809828,0.119744,818.1205612006623,13.187776803970337,-2.658331120922886
3,base,standard,12,848.0315350405708,0.118597,839.6742001929506,13.309732675552368,0.985498121507993
3,base,standard,13,863.0715866644117,0.11907,822.2188492424956,13.280277967453003,4.733412390483537
3,base,standard,14,832.8383192765804,0.118416,834.5147064238903,13.464173078536987,-0.2012860249713374
3,base,standard,15,802.5109601080991,0.118243,796.8455782968299,13.405078887939453,0.7059569392679761
3,base,standard,16,809.4927266182218,0.118912,821.9641033892542,13.395181894302368,-1.540640991690371
3,base,standard,17,813.2396464221284,0.119412,820.8741739232136,13.390197992324829,-0.938779550981492
3,base,standard,18,827.4365925639589,0.119261,820.6344565715401,13.356417894363403,0.8220733834530073
3,base,standard,19,781.2197674383557,0.11925,751.7293976831758,13.475807428359985,3.774913409050027
3,base,standard,20,802.7818290593143,0.119188,827.5286790180097,13.391968965530396,-3.0826370332389477
3,base,standard,21,871.3929549633509,0.118884,867.1563923347233,13.328053951263428,0.4861827955455353
3,base,standard,22,840.688387396309,0.119613,851.4430638623959,13.429902076721191,-1.2792702536780696
3,base,standard,23,837.1655717307757,0.118267,826.5109211647028,13.577093124389648,1.272705295804889
3,base,standard,24,832.8533076024909,0.11892,826.556812789197,13.35704517364502,0.7560148655012714
3,base,standard,25,849.5920946209621,0.119021,848.5019301736404,13.272307872772217,0.12831621836219032
3,base,standard,26,833.0531838021742,0.119275,838.7432121870494,13.427380084991455,-0.6830330278440413
3,base,standard,27,810.8713583471331,0.119289,793.7730065787008,13.314860105514526,2.1086392548486708
3,base,standard,28,796.6331429126384,0.119259,782.0787849072665,13.267269849777222,1.8269837421223123
3,base,standard,29,823.6593180800229,0.118135,813.5129840045535,13.368149995803833,1.2318605341733861
3,base,luxury,0,1540.6034778064918,0.118464,1475.1633605398818,13.581158876419067,4.247693725823829
3,base,luxury,1,1568.4265902000905,0.119615,1469.3155506825415,13.261015892028809,6.319137926940208
3,base,luxury,2,1590.7917127877972,0.118476,1461.1409312471633,13.21942925453186,8.150079014016628
3,base,luxury,3,1593.874355812076,0.118313,1464.3166493408744,13.276892185211182,8.128476752183651
3,base,luxury,4,1569.640245597009,0.118254,1449.1518039305606,13.454439878463745,7.676181978923512
3,base,luxury,5,1524.1798503969728,0.118745,1446.8417199232968,13.46963095664978,5.074081674385956
3,base,luxury,6,1601.8805780415087,0.118844,1510.709997458305,13.49932312965393,5.691471750951039
3,base,luxury,7,1490.828635690645,0.119279,1418.8600310773738,13.151674032211304,4.827423010957306
3,base,luxury,8,1612.5415192035214,0.118785,1476.565986830196,13.384955883026123,8.432374035273678
3,base,luxury,9,1538.3164609426144,0.119401,1425.6974179353222,13.43494701385498,7.320928161835057
3,base,luxury,10,1532.240192837295,0.119164,1441.1473247635417,13.401857137680054,5.945077573319217
3,base,luxury,11,1500.0953291517546,0.119067,1424.905579709536,13.020878076553345,5.012331415279827
3,base,luxury,12,1583.3277868358578,0.11935,1460.961889958071,13.41906476020813,7.728399507364443
3,base,luxury,13,1606.0267705539263,0.119437,1473.0292162623462,13.345096826553345,8.281154257827762
3,base,luxury,14,1558.144577468956,0.118448,1457.748807422634,13.288191080093384,6.443289762584453
3,base,luxury,15,1517.4946279170317,0.117871,1428.5706787558129,13.215266942977905,5.859918547670847
3,base,luxury,16,1529.6339507212253,0.11847,1438.444108690124,13.478791952133179,5.961546681681923
3,base,luxury,17,1531.9295495400404,0.119281,1434.412943642024,13.4326651096344,6.365606429309734
3,base,luxury,18,1549.0178781492075,0.119444,1452.551367286876,13.209048986434937,6.227591832419085
3,base,luxury,19,1487.5291246043566,0.118777,1420.4884183664908,13.342920780181885,4.506849992311706
3,base,luxury,20,1523.9096228828857,0.119189,1469.1703720364185,13.447994947433472,3.5920273764603707
3,base,luxury,21,1623.8069479043388,0.119151,1482.9285769013638,13.427465915679932,8.67580787142157
3,base,luxury,22,1573.749024582374,0.119212,1449.619911623172,13.284923076629639,7.887478309455489
3,base,luxury,23,1569.124479643293,0.118508,1488.0803330913132,13.438551902770996,5.164927805498482
3,base,luxury,24,1558.8511042682396,0.118355,1487.151768946525,13.442647218704224,4.599498638798603
3,base,luxury,25,1584.2324954113756,0.119516,1475.6641145116444,13.332097053527832,6.853058576578396
3,base,luxury,26,1563.397459948121,0.11987,1451.1596010953576,13.241291999816895,7.179099475861229
3,base,luxury,27,1525.5489925328575,0.119444,1421.3827827105738,13.172635793685913,6.828113048623717
3,base,luxury,28,1503.8787796953893,0.11973,1448.679112015673,13.347243070602417,3.670486506292556
3,base,luxury,29,1556.2208475554457,0.119261,1452.4632867309006,13.395394086837769,6.66727739751915
3,high,budget,0,531.8708293009877,0.1198,513.6172617813825,13.388900756835938,3.4319549999752756
3,high,budget,1,549.7276601033639,0.118071,535.905572622021,13.174838066101074,2.514351829912265
3,high,budget,2,562.1994472758047,0.119137,553.9452217247497,13.345848083496094,1.468202359687779
3,high,budget,3,557.0969056598236,0.117994,556.8318306329495,13.39470386505127,0.047581493305937674
3,high,budget,4,548.5212292982121,0.118388,547.0902024788963,13.245068788528442,0.26088813757430257
3,high,budget,5,522.7849117200569,0.117737,507.13451249213693,13.3802809715271,2.993659318978305
3,high,budget,6,555.3619446838368,0.119166,536.2187907690417,13.631132125854492,3.446968971864494
3,high,budget,7,505.9300192518586,0.119518,502.2243482315916,13.253359079360962,0.7324473502771681
3,high,budget,8,574.8733928872902,0.120248,562.1835159175066,13.14581823348999,2.2074211690419148
3,high,budget,9,532.4174571790367,0.118883,541.4064633125662,13.354244947433472,-1.6883379784646664
3,high,budget,10,526.0688417473401,0.118939,508.8474938581186,13.514407873153687,3.273592070577825
3,high,budget,11,508.35444828431,0.117991,502.66465087672816,13.18268084526062,1.1192579167517585
3,high,budget,12,553.2516002022626,0.119741,570.5090763569677,13.196290969848633,-3.1192817424108705
3,high,budget,13,567.9331869250029,0.119936,575.8061304805651,13.251052141189575,-1.3862446739887082
3,high,budget,14,540.8706759752647,0.118517,549.6327422362348,13.398328065872192,-1.6199928467504465
3,high,budget,15,518.518921752374,0.118203,512.3454658095831,13.394484996795654,1.1905941487973648
3,high,budget,16,525.3543247245829,0.118246,501.1717330262115,13.26415205001831,4.603101289981595
3,high,budget,17,528.3847497857458,0.118773,511.7412068352806,13.355255126953125,3.1498908621443027
3,high,budget,18,535.1381158887888,0.119455,541.2720623240219,13.314762115478516,-1.1462361310304983
3,high,budget,19,503.2408799777959,0.117022,471.965640694411,13.48386001586914,6.214765240209587
3,high,budget,20,531.1317493390836,0.119121,511.8818668664587,13.266088962554932,3.6243140231361783
3,high,budget,21,575.3982043601101,0.118939,566.4683044306569,13.325062036514282,1.5519513029040435
3,high,budget,22,553.5117092099722,0.119007,539.5149649360566,13.36889123916626,2.528716925228771
3,high,budget,23,542.2487184867354,0.119121,553.8571031026652,13.539055109024048,-2.1407859936166522
3,high,budget,24,537.4379946151581,0.119288,561.1872061581778,13.22326111793518,-4.418967728551776
3,high,budget,25,555.0841617050437,0.11848,583.8671063225893,13.242077827453613,-5.185329829828587
3,high,budget,26,541.2310480006745,0.118757,547.4925562793754,13.363579273223877,-1.156901161127242
3,high,budget,27,522.3447301056324,0.118547,531.3822050563971,13.266252040863037,-1.7301744288560315
3,high,budget,28,514.3340913439156,0.116997,507.0035897110028,13.128716945648193,1.425241250051838
3,high,budget,29,534.8490995127858,0.116598,520.8662673595188,13.316884994506836,2.6143508825207764
3,high,standard,0,815.4221878886395,0.11892,831.2113257293339,13.583837747573853,-1.9363144730678647
3,high,standard,1,835.8733587567233,0.119373,838.2509812548183,13.24416208267212,-0.2844476945205493
3,high,standard,2,854.9092850778749,0.11888,881.1597784097117,13.202489137649536,-3.0705589224528875
3,high,standard,3,851.7726615276745,0.11844,852.6483555579247,13.347266674041748,-0.10280842175418306
3,high,standard,4,832.6371361549807,0.1179,851.4807319774419,13.346789836883545,-2.2631221938380874
3,high,standard,5,800.350206222344,0.118297,809.62496310367,13.534610033035278,-1.1588373201155102
3,high,standard,6,853.0632098785044,0.119438,853.3516303203718,13.484804153442383,-0.03380997310955179
3,high,standard,7,785.8464063066526,0.118609,781.0401917855788,13.250997066497803,0.6115971877586368
3,high,standard,8,867.7210039777696,0.11927,842.4102933798614,13.22907304763794,2.9169180510647865
3,high,standard,9,815.7944392210745,0.119967,816.1922808268604,13.48593783378601,-0.048767383872549835
3,high,standard,10,812.8010497630173,0.118992,814.8608504529626,13.397348165512085,-0.2534200331736595
3,high,standard,11,796.9353799809827,0.118509,805.8545508457496,13.120162010192871,-1.1191836990572228
3,high,standard,12,848.0315350405709,0.118867,838.2706356719665,13.313799858093262,1.1510066507299717
3,high,standard,13,863.0715866644118,0.11957,869.312948277029,13.3927321434021,-0.7231568862947665
3,high,standard,14,832.8383192765806,0.119156,842.6618372141593,13.368088722229004,-1.1795228089542737
3,high,standard,15,802.510960108099,0.118928,824.780737224931,13.294793128967285,-2.775012208410501
3,high,standard,16,809.4927266182218,0.119196,806.2519652419043,13.350980997085571,0.4003447183344464
3,high,standard,17,813.2396464221285,0.118922,845.1256338245568,13.5089852809906,-3.9208599264326995
3,high,standard,18,827.436592563959,0.118982,808.0170326143536,13.233515977859497,2.3469544523563366
3,high,standard,19,781.2197674383556,0.118618,775.9138640447519,13.387826204299927,0.6791819171450176
3,high,standard,20,802.7818290593143,0.118723,797.8282556248496,13.380262851715088,0.6170510162479919
3,high,standard,21,871.3929549633509,0.118729,901.4194992225092,13.461339235305786,-3.4458098482585457
3,high,standard,22,840.688387396309,0.119324,851.6329460037097,13.33742904663086,-1.3018567606597893
3,high,standard,23,837.1655717307758,0.119221,831.6605059340719,13.469402074813843,0.65758387379961
3,high,standard,24,832.8533076024906,0.118091,835.3630721348629,13.336954832077026,-0.30134532809830217
3,high,standard,25,849.5920946209624,0.119066,854.6534696152486,13.375123977661133,-0.5957417714137626
3,high,standard,26,833.0531838021744,0.119691,841.4901330571865,13.295761108398438,-1.0127743845242463
3,high,standard,27,810.8713583471329,0.118995,843.5022884737248,13.247002840042114,-4.024180875386484
3,high,standard,28,796.6331429126384,0.1195,821.3022176489168,13.241179943084717,-3.096666885598518
3,high,standard,29,823.6593180800228,0.119139,821.0672948301299,13.466701030731201,0.3146960391263478
3,high,luxury,0,1540.603477806492,0.119298,1490.314482101877,13.458886861801147,3.264240048076248
3,high,luxury,1,1568.4265902000905,0.118643,1443.5459503533652,13.182919979095459,7.9621603348865495
3,high,luxury,2,1590.7917127877965,0.120044,1481.8883846934466,13.304794073104858,6.845857142636315
3,high,luxury,3,1593.874355812076,0.118461,1487.503474734522,13.434980869293213,6.673730629373122
3,high,luxury,4,1569.640245597009,0.118848,1426.869779385775,13.302491903305054,9.09574449379205
3,high,luxury,5,1524.1798503969726,0.11893,1423.5577638433974,13.392660140991211,6.601720035031835
3,high,luxury,6,1601.8805780415082,0.119074,1491.2157063700822,13.6005380153656,6.908434572989649
3,high,luxury,7,1490.8286356906458,0.118649,1375.7535502105657,13.307789087295532,7.718867395297253
3,high,luxury,8,1612.5415192035211,0.119155,1451.750830023311,13.163573741912842,9.971258864678978
3,high,luxury,9,1538.3164609426142,0.118952,1455.4254968513562,13.34972071647644,5.388420796099779
3,high,luxury,10,1532.2401928372947,0.119145,1459.08241223724,13.525343894958496,4.774563475233355
3,high,luxury,11,1500.0953291517546,0.118561,1402.8954597913566,13.20045018196106,6.479579495481847
3,high,luxury,12,1583.3277868358578,0.119384,1478.4591285526826,13.278577327728271,6.623306882824685
3,high,luxury,13,1606.0267705539268,0.11987,1454.033775437367,13.26104187965393,9.463914170256118
3,high,luxury,14,1558.1445774689555,0.119042,1467.4992922855497,13.457767009735107,5.817514401048052
3,high,luxury,15,1517.4946279170315,0.119538,1408.2669264253464,13.364366054534912,7.197897078661495
3,high,luxury,16,1529.633950721225,0.119892,1442.8729349392158,13.332334041595459,5.672011643119002
3,high,luxury,17,1531.9295495400402,0.1197,1429.4610558356276,13.35123610496521,6.68885156861023
3,high,luxury,18,1549.0178781492073,0.119112,1439.851141223391,13.358894109725952,7.047480759631414
3,high,luxury,19,1487.5291246043564,0.118758,1423.0641384494613,13.465476036071777,4.333695729960318
3,high,luxury,20,1523.9096228828855,0.119426,1459.589356378329,13.320231914520264,4.22074022886458
3,high,luxury,21,1623.8069479043386,0.119125,1489.7061805741093,13.305568933486938,8.258418126815982
3,high,luxury,22,1573.749024582374,0.119268,1462.7864142367,13.42784595489502,7.050845377020655
3,high,luxury,23,1569.1244796432923,0.119411,1483.7299623952385,13.57667088508606,5.442176089653918
3,high,luxury,24,1558.8511042682399,0.118747,1464.751558311347,13.310052156448364,6.036467864008429
3,high,luxury,25,1584.2324954113756,0.119292,1479.0816068738575,13.238290071487427,6.6373394588282135
3,high,luxury,26,1563.397459948121,0.117917,1449.672095191507,13.439921140670776,7.274245204440066
3,high,luxury,27,1525.5489925328575,0.119113,1424.853631145306,13.29409670829773,6.600598334135942
3,high,luxury,28,1503.878779695389,0.119922,1424.515191209399,13.22126579284668,5.277259680601726
3,high,luxury,29,1556.2208475554457,0.11911,1436.3167191144712,13.315403938293457,7.704827282665133
5,low,budget,0,526.8536236276336,0.432035,516.0661140197775,13.211869955062866,2.04753448093971
5,low,budget,1,546.3149884982512,0.432995,542.8755242061933,13.019621849060059,0.6295753117652019
5,low,budget,2,545.6366265577128,0.434197,537.6817408003556,12.663276672363281,1.4579090497539868
5,low,budget,3,543.3485073857497,0.430196,536.7143244814673,12.81188702583313,1.2209811592566806
5,low,budget,4,544.8894252367606,0.432733,547.2817881171733,13.09492802619934,-0.4390547457171012
5,low,budget,5,530.5612317354685,0.43372,513.8128161642276,13.45661187171936,3.1567356545175307
5,low,budget,6,546.6245647351665,0.433431,560.2814888712728,12.99941873550415,-2.498410246660424
5,low,budget,7,503.5314720322283,0.430742,475.18365615147786,12.841760873794556,5.629800212157551
5,low,budget,8,563.0314925276161,0.436657,552.2551245637735,12.876106977462769,1.9139902664173019
5,low,budget,9,535.7609925118986,0.433585,506.48763675306685,13.406312227249146,5.46388336739197
5,low,budget,10,517.0276587097984,0.43513,517.4769847649172,12.975714206695557,-0.08690561279450484
5,low,budget,11,497.1210106704068,0.425968,498.48021323842795,12.670462131500244,-0.273414830362562
5,low,budget,12,537.5490344274813,0.435537,536.5122983384763,12.871954917907715,0.1928635385066163
5,low,budget,13,553.2783603688803,0.436579,551.6283400117135,12.920704126358032,0.29822607847281396
5,low,budget,14,530.2624563816154,0.432928,540.8923411153876,12.906913042068481,-2.0046459269072154
5,low,budget,15,521.0032269925265,0.431303,521.1897176566939,13.102772235870361,-0.03579453149339083
5,low,budget,16,527.5468666466157,0.433253,525.7423856620213,13.385241985321045,0.34205131310223014
5,low,budget,17,521.6150276205017,0.43242,542.8963544263572,13.260151863098145,-4.079891429304959
5,low,budget,18,528.6618516748126,0.43585,518.5715181382603,13.081078052520752,1.9086555053264935
5,low,budget,19,502.21945915460844,0.423924,482.38582417162263,13.170661211013794,3.949196834461968
5,low,budget,20,532.2859380548296,0.435309,519.3404059747428,13.28807806968689,2.432063512215736
5,low,budget,21,572.9807910018799,0.436451,582.4723297733972,13.256494760513306,-1.6565195414179525
5,low,budget,22,548.835920708577,0.433957,550.6434260586869,13.139322757720947,-0.32933437515831504
5,low,budget,23,528.436699139455,0.434559,536.2105047749527,13.060626029968262,-1.4710949576661094
5,low,budget,24,527.6597582053769,0.437124,536.9882274021475,13.088694095611572,-1.7678947563667982
5,low,budget,25,555.0762139132316,0.436434,557.212875066796,13.233648300170898,-0.38493113197934964
5,low,budget,26,533.3537533851588,0.435967,521.277780981858,12.952993631362915,2.264158136444246
5,low,budget,27,517.6622574899542,0.431674,526.1396943003073,12.909929037094116,-1.637638573740833
5,low,budget,28,513.3778736748742,0.428281,488.90710883403443,13.108070850372314,4.766618527143082
5,low,budget,29,537.4453129446117,0.428384,513.8763874559093,13.220008850097656,4.385362551506973
5,low,standard,0,808.3356049445472,0.436048,800.4089667554626,13.13095211982727,0.9806122779446687
5,low,standard,1,833.0085100946188,0.435328,832.344490853528,12.911259889602661,0.07971338024090742
5,low,standard,2,834.9129941524305,0.436164,831.6581451209628,12.768095016479492,0.3898429003098635
5,low,standard,3,836.3178943294256,0.434735,852.415434230289,12.931428909301758,-1.9248111286403413
5,low,standard,4,828.1872421536839,0.436644,842.8963449265982,13.04239273071289,-1.7760600531183748
5,low,standard,5,808.0144111271902,0.434183,817.4770802027255,13.402289867401123,-1.1711015230947062
5,low,standard,6,841.4810540631365,0.436297,852.2855818456809,13.321116924285889,-1.2839894291587584
5,low,standard,7,779.7375108063493,0.448413,778.3582860459603,13.116749048233032,0.17688321278306626
5,low,standard,8,855.0080061670362,0.438098,834.1550153292246,12.856892108917236,2.438923458891883
5,low,standard,9,824.1177556503202,0.440091,813.7219829522775,13.31758999824524,1.2614426308336608
5,low,standard,10,801.2391945525409,0.436717,758.483638120488,13.170367002487183,5.336178849304811
5,low,standard,11,782.1269517841763,0.435974,787.1477821158225,12.777250051498413,-0.6419456995047556
5,low,standard,12,829.5366582911842,0.433746,830.7282046698015,12.800683975219727,-0.1436399906752597
5,low,standard,13,846.0577222147184,0.433195,838.9247896373461,12.909158945083618,0.8430787155633452
5,low,standard,14,822.1712405699808,0.44083,844.9396814447072,13.153696060180664,-2.769306411027203
5,low,standard,15,806.9870606333918,0.438385,786.9513145493568,13.262381792068481,2.4827840570714113
5,low,standard,16,812.2860118837748,0.435566,803.1546111801875,13.162874221801758,1.1241607721904
5,low,standard,17,805.0567374232987,0.433201,802.6844120257653,13.050772905349731,0.2946780378643182
5,low,standard,18,823.2389962109436,0.43754,860.2468402908096,13.109626054763794,-4.49539492786409
5,low,standard,19,775.9813723333588,0.435823,781.7356823295082,13.188561916351318,-0.7415525940843627
5,low,standard,20,801.4230730373733,0.435184,807.2654942087605,13.126879930496216,-0.7290058606928477
5,low,standard,21,872.8737033517463,0.434022,860.3076292082376,13.126953125,1.4396211153178546
5,low,standard,22,838.9494720784776,0.436022,835.1277460616454,13.20426893234253,0.4555370906145168
5,low,standard,23,820.2796322999804,0.438712,826.9817156282328,13.08944296836853,-0.8170486093212365
5,low,standard,24,822.9629991854542,0.436601,789.9504403962914,12.954486846923828,4.011426859024985
5,low,standard,25,855.3449464001293,0.432534,873.9485142063629,13.108357191085815,-2.1749783972571577
5,low,standard,26,825.5287792595772,0.435863,824.6716981273472,13.097158908843994,0.1038220778927505
5,low,standard,27,803.8456159234299,0.437883,796.7968956469682,12.971807956695557,0.8768748795581097
5,low,standard,28,795.4516159249223,0.433479,793.5170936103199,13.014456033706665,0.24319798663719172
5,low,standard,29,824.3426223195,0.434728,827.0205776170933,13.204954862594604,-0.324859497141873
5,low,luxury,0,1526.8948428104218,0.437779,1461.8363517923488,13.245116233825684,4.260836384667169
5,low,luxury,1,1559.9771384161847,0.43706,1491.7754201609537,13.02193307876587,4.371969086962068
5,low,luxury,2,1548.818237260042,0.437878,1473.721081214262,12.686493873596191,4.848674572597464
5,low,luxury,3,1564.6479164389891,0.434653,1478.5834204023392,12.86436414718628,5.500566302003945
5,low,luxury,4,1560.5018792935712,0.438038,1475.429082918857,13.09147024154663,5.451630498082202
5,low,luxury,5,1543.455622167656,0.435809,1523.1781285623056,13.419531106948853,1.313772376355877
5,low,luxury,6,1581.9465126158586,0.435968,1508.422737405482,13.068015813827515,4.647677694791338
5,low,luxury,7,1482.4695750639187,0.434242,1467.3210429508522,12.882116794586182,1.021844385063575
5,low,luxury,8,1582.69662865877,0.437895,1466.2577955275594,12.92357087135315,7.356990027197102
5,low,luxury,9,1556.0585553946291,0.436481,1488.4009145149255,13.371591806411743,4.348013809965211
5,low,luxury,10,1511.942652290496,0.434589,1464.9243787311243,13.06467604637146,3.109792126582447
5,low,luxury,11,1474.3297540156825,0.437333,1466.817641304714,12.627978086471558,0.5095273082909367
5,low,luxury,12,1548.6044823523757,0.438392,1489.9400763463593,12.910213232040405,3.7882110425577133
5,low,luxury,13,1570.737865703561,0.437045,1494.8575388991749,12.888453960418701,4.830871430631619
5,low,luxury,14,1537.5991294278438,0.435502,1462.156997517614,12.960118055343628,4.906488984440476
5,low,luxury,15,1527.2264845000032,0.435663,1473.3681844829343,13.111716032028198,3.5265430873339927
5,low,luxury,16,1538.116673315753,0.435108,1470.1053499853283,13.25217890739441,4.421727201214916
5,low,luxury,17,1519.1046271628081,0.437064,1458.7558351078123,13.123016119003296,3.9726554034469395
5,low,luxury,18,1541.6077155772898,0.433669,1487.0346483736887,12.92900824546814,3.5400099942523315
5,low,luxury,19,1481.645392380839,0.434047,1468.587257834185,13.033226013183594,0.8813265720531807
5,low,luxury,20,1525.5416037538723,0.433933,1504.006570935345,13.221221208572388,1.4116319584819192
5,low,luxury,21,1622.462190161436,0.437251,1544.593327155928,13.209905862808228,4.799425433621972
5,low,luxury,22,1566.73388740966,0.471254,1489.7013217082308,13.1057608127594,4.916761316038805
5,low,luxury,23,1536.5194600163882,0.468871,1492.9731891730232,13.047282218933105,2.83408521509389
5,low,luxury,24,1537.0238812395312,0.434158,1451.413199459744,13.064404964447021,5.569899259518765
5,low,luxury,25,1593.1580621923183,0.436758,1483.9092674851618,13.24944281578064,6.857373244988706
5,low,luxury,26,1549.822256446549,0.436381,1476.7730840264421,13.084771871566772,4.713390333391842
5,low,luxury,27,1514.3966833820448,0.435489,1406.3611448039762,12.993136167526245,7.133899576219149
5,low,luxury,28,1504.6115061135658,0.438333,1454.0796900092225,13.141380071640015,3.3584626927962122
5,low,luxury,29,1561.218925589652,0.436283,1512.5399480136882,13.28170394897461,3.118010983474229
5,base,budget,0,542.4294811806465,0.434483,528.5781295517507,13.681785106658936,2.5535764757378234
5,base,budget,1,560.1612920274362,0.434726,547.622359840307,13.491055011749268,2.238450311649703
5,base,budget,2,571.5218234769505,0.434601,565.3126227564355,13.686890125274658,1.0864328299381958
5,base,budget,3,566.065463558803,0.43404,574.7554602013224,13.760563135147095,-1.5351575395337114
5,base,budget,4,560.366169867555,0.439708,539.6609376673239,13.77203917503357,3.694946860393955
5,base,budget,5,535.4395480877748,0.439737,511.4216674608748,13.895113945007324,4.485638147700431
5,base,budget,6,567.2083739600012,0.434466,577.1426670801571,13.924745321273804,-1.7514362580367229
5,base,budget,7,517.111047336642,0.432624,488.77513305368456,13.599265098571777,5.479657498887383
5,base,budget,8,584.4578925205458,0.443469,565.6995084984468,13.37517499923706,3.209535581973439
5,base,budget,9,541.4499530383357,0.435076,538.5165617842221,13.566138982772827,0.5417659079390398
5,base,budget,10,535.3735012308666,0.440476,535.9490934407365,13.678786039352417,-0.10751227106806324
5,base,budget,11,516.5112829450837,0.429428,510.67219954292386,13.290008068084717,1.130485159756073
5,base,budget,12,561.6774451438004,0.43638,552.0901899579776,13.348603010177612,1.7068969510371264
5,base,budget,13,577.2029564568903,0.43469,585.2865115877815,13.400341987609863,-1.4004701536027155
5,base,budget,14,548.9524073730068,0.431758,546.8305970998567,13.529452800750732,0.38651989583285895
5,base,budget,15,528.2970808059466,0.435036,518.4353120673522,13.403712034225464,1.8667089213420793
5,base,budget,16,536.4701551391103,0.434806,545.9217975290716,13.39574122428894,-1.7618207274755917
5,base,budget,17,537.2023672588516,0.430872,546.1913701960592,13.502769947052002,-1.6732992043715695
5,base,budget,18,542.576756040538,0.433419,554.7400871149978,13.40017580986023,-2.2417714985105195
5,base,budget,19,514.6171448366333,0.424686,492.46854381871947,13.52156376838684,4.303898779925994
5,base,budget,20,543.1707735764876,0.432683,552.0217894398452,13.396476030349731,-1.6295088568698948
5,base,budget,21,585.9285209947366,0.433568,573.7812662327253,13.50485897064209,2.0731632488872074
5,base,budget,22,562.4698187655332,0.436818,550.9797847921402,13.56081509590149,2.0427823129444467
5,base,budget,23,551.2367436450181,0.435895,557.1115346483681,13.678124904632568,-1.0657473528530201
5,base,budget,24,545.875624258556,0.442271,555.7098859157447,13.435091018676758,-1.8015572083011269
5,base,budget,25,563.6362158503961,0.437064,558.9834925794496,13.375518083572388,0.8254833774168661
5,base,budget,26,550.1096132278411,0.43642,526.8627486914743,13.570157051086426,4.225860442605753
5,base,budget,27,532.7619565433739,0.434363,530.4131766935444,13.405448913574219,0.4408685381870498
5,base,budget,28,524.3544239053867,0.429038,510.1353633267846,13.366543054580688,2.711727017138274
5,base,budget,29,548.289756735377,0.426066,543.0902841065346,13.574733018875122,0.9483074533073624
5,base,standard,0,832.3593557902035,0.439559,839.0765078570206,13.571674108505249,-0.8070014495650323
5,base,standard,1,854.1230200748297,0.435878,876.6270394643673,13.293916940689087,-2.634751535857914
5,base,standard,2,874.5384213160296,0.435969,855.979628386859,13.292465925216675,2.122124366044759
5,base,standard,3,871.2402392014926,0.435898,857.1673650930018,13.466525793075562,1.6152690699168
5,base,standard,4,851.7876644152625,0.436814,878.6630435555762,13.448345184326172,-3.155173555931126
5,base,standard,5,815.4491163192573,0.437451,830.0758234219142,13.53679609298706,-1.7936995466594288
5,base,standard,6,873.1032460149677,0.437833,879.3597424614651,13.573552131652832,-0.7165815125591862
5,base,standard,7,800.7765120758788,0.434485,807.4947084117128,13.332964181900024,-0.8389602135579908
5,base,standard,8,887.5660231818056,0.436715,890.3693782905273,13.365556001663208,-0.31584750153819946
5,base,standard,9,832.8884967171474,0.434922,815.1430738506975,13.500018835067749,2.1305880602738467
5,base,standard,10,829.4789075703852,0.435652,849.7895948754427,13.566625833511353,-2.44860805014913
5,base,standard,11,812.580998313296,0.43426,824.0460691098294,13.28308892250061,-1.4109449790644684
5,base,standard,12,866.835686143393,0.435273,865.1410830871503,13.375404834747314,0.1954929963465306
5,base,standard,13,882.613377038716,0.434631,882.614851600496,13.368639945983887,-0.00016706768992804435
5,base,standard,14,851.1729984162046,0.437131,844.8942869232068,13.423428058624268,0.7376539792357977
5,base,standard,15,818.3224339238071,0.433041,794.9431954567733,13.355570316314697,2.8569714696604085
5,base,standard,16,826.0008839470322,0.436792,802.3229272915206,13.458678960800171,2.866577641220776
5,base,standard,17,829.1346706696834,0.436872,833.2351080535534,13.479970932006836,-0.49454419516170395
5,base,standard,18,844.8840016407455,0.435763,846.0398645929424,13.336899042129517,-0.13680729543372258
5,base,standard,19,795.1013228311919,0.433932,766.3747973330251,13.511169910430908,3.6129389642916885
5,base,standard,20,817.8172604024132,0.435583,818.9442200422795,13.413536071777344,-0.137800911576722
5,base,standard,21,892.681780877617,0.435078,885.7264066296457,13.452769041061401,0.7791549460249264
5,base,standard,22,859.8054925333552,0.434611,859.2058242191617,13.394859790802002,0.06974464799318077
5,base,standard,23,855.5478353442869,0.434146,843.0329892975747,13.62316083908081,1.4627874128950447
5,base,standard,24,851.3935627980478,0.435282,858.8616132691742,13.567606925964355,-0.877156088258777
5,base,standard,25,868.5213517039593,0.437738,880.1058406283402,13.521534204483032,-1.3338174014551416
5,base,standard,26,851.5034585029827,0.43677,832.7366569296295,13.570291996002197,2.2039606986854583
5,base,standard,27,827.2625381942058,0.436954,807.6056660706444,13.42123007774353,2.376134687117535
5,base,standard,28,812.5281188329094,0.436927,808.4450559298555,13.311280012130737,0.5025134279560337
5,base,standard,29,841.0392229074013,0.439396,855.3019953663168,13.417713165283203,-1.6958510459964395
5,base,luxury,0,1572.175919911678,0.437849,1551.8998384620081,13.452105045318604,1.2896827379730458
5,base,luxury,1,1599.5161830947068,0.433521,1551.5251665496337,13.327455997467041,3.000345795328008
5,base,luxury,2,1622.3177120409707,0.437106,1544.3318283841659,13.361678838729858,4.807066031393693
5,base,luxury,3,1629.9550777408542,0.436587,1556.2644426019147,13.42872405052185,4.52102245916348
5,base,luxury,4,1604.9745231454465,0.43667,1523.4612572738602,13.369175910949707,5.0787887717890845
5,base,luxury,5,1557.6496903446673,0.437459,1491.099981085273,13.524330139160156,4.272443905193385
5,base,luxury,6,1641.3535785222525,0.436072,1538.8605289486165,13.6298189163208,6.244422342315345
5,base,luxury,7,1522.433228988728,0.436961,1510.9785689385865,13.283782243728638,0.7523916209941228
5,base,luxury,8,1642.9452743336785,0.438326,1516.7082722234363,13.265474796295166,7.683579245294067
5,base,luxury,9,1572.598406471177,0.43559,1524.7065866279195,13.527483940124512,3.0453941480663254
5,base,luxury,10,1565.3385512921145,0.435537,1539.9717546974236,13.612838983535767,1.6205310074138117
5,base,luxury,11,1531.8229296412076,0.436616,1445.4903554227644,13.199961185455322,5.635936931605042
5,base,luxury,12,1618.2611683462485,0.435747,1517.1272671869006,13.30675721168518,6.249541368078418
5,base,luxury,13,1638.5855353097977,0.434184,1537.1374672296786,13.376382112503052,6.19119758438115
5,base,luxury,14,1591.779477756226,0.435016,1530.0034803262595,13.528087854385376,3.8809394324549307
5,base,luxury,15,1548.664907419779,0.435211,1472.6708862776386,13.392816305160522,4.907066775907871
5,base,luxury,16,1564.1234849388447,0.437647,1525.9370164325742,13.37615418434143,2.4413972984852665
5,base,luxury,17,1564.5510342925256,0.434291,1487.3255880236377,13.510923147201538,4.935949328352112
5,base,luxury,18,1582.094228363028,0.438851,1538.9528737286482,13.435291767120361,2.7268511483679125
5,base,luxury,19,1518.1459671603982,0.438999,1480.2506750853345,13.504546165466309,2.496156028128481
5,base,luxury,20,1556.7510587575869,0.435877,1500.5201645266764,13.388469934463501,3.61206719048499
5,base,luxury,21,1659.2962577878898,0.434379,1529.3803556218102,13.48208498954773,7.829578446665004
5,base,luxury,22,1605.6930901739654,0.435539,1544.537587224371,13.485817193984985,3.8086670064058525
5,base,luxury,23,1602.5922418962323,0.439085,1542.4840933672685,13.536991596221924,3.7506826101842403
5,base,luxury,24,1590.103365932918,0.435247,1510.2903750277076,13.339032173156738,5.019358653981839
5,base,luxury,25,1617.6914152320808,0.437813,1504.6525260843796,13.382105112075806,6.98766699775582
5,base,luxury,26,1598.5671420097433,0.469182,1496.2022369715157,13.50114107131958,6.403541168094624
5,base,luxury,27,1558.5514954599337,0.465851,1477.4688211813705,13.321624040603638,5.202437937710583
5,base,luxury,28,1536.852259541317,0.435408,1480.744254259521,13.223253965377808,3.650839235421473
5,base,luxury,29,1592.8534489207032,0.435009,1521.5259323439218,13.457391023635864,4.477971066648471
5,high,budget,0,542.4294811806465,0.433566,525.3778040981804,13.67868709564209,3.143574911406286
5,high,budget,1,560.1612920274362,0.437425,551.3422306292323,13.432501077651978,1.5743789375885548
5,high,budget,2,571.5218234769505,0.435007,571.9779819150289,13.329313039779663,-0.07981470161597698
5,high,budget,3,566.0654635588029,0.430081,551.466849301241,13.513506889343262,2.578962186772828
5,high,budget,4,560.3661698675553,0.43732,535.4306297531242,13.468952894210815,4.449865365770512
5,high,budget,5,535.4395480877748,0.435444,512.256165191412,13.595729112625122,4.329785309874482
5,high,budget,6,567.2083739600012,0.436462,531.4505500455804,13.527169942855835,6.30417771599091
5,high,budget,7,517.1110473366418,0.431123,520.1155346908901,13.333954095840454,-0.5810139562329424
5,high,budget,8,584.4578925205457,0.434392,573.4418293424326,13.372321128845215,1.8848343600263444
5,high,budget,9,541.4499530383357,0.43686,544.5415018007753,13.553707122802734,-0.5709759036992181
5,high,budget,10,535.3735012308665,0.434648,512.9614337403764,13.427402973175049,4.186248934428581
5,high,budget,11,516.5112829450837,0.425858,516.5501666575875,13.162766933441162,-0.007528143873656578
5,high,budget,12,561.6774451438005,0.437792,563.8787216332444,13.408875942230225,-0.3919111419687377
5,high,budget,13,577.2029564568904,0.436435,560.9316081285262,13.509732961654663,2.818999477799702
5,high,budget,14,548.952407373007,0.43456,550.4255565025087,13.332363843917847,-0.26835643850282753
5,high,budget,15,528.2970808059467,0.432545,532.8621946485116,13.370949268341064,-0.8641186954129169
5,high,budget,16,536.4701551391101,0.43475,532.688779099485,13.4777991771698,0.704862330812155
5,high,budget,17,537.2023672588516,0.43463,548.5197007387992,13.556249141693115,-2.106716978500268
5,high,budget,18,542.576756040538,0.43598,532.237624964099,13.253759860992432,1.9055610033664114
5,high,budget,19,514.6171448366332,0.423662,519.326678175278,13.467357873916626,-0.9151528249490799
5,high,budget,20,543.1707735764875,0.4348,522.8081845786231,13.465777158737183,3.7488373801461465
5,high,budget,21,585.9285209947366,0.435544,591.0622700938756,13.534071207046509,-0.8761732728803447
5,high,budget,22,562.4698187655331,0.436407,564.9269423485331,13.347553014755249,-0.43684540948218514
5,high,budget,23,551.2367436450181,0.433978,552.042933647909,13.593054056167603,-0.14625113659150576
5,high,budget,24,545.8756242585561,0.437825,547.2715831901575,13.434262037277222,-0.255728387487073
5,high,budget,25,563.6362158503961,0.435716,577.0800075428526,13.444931030273438,-2.3851894740604984
5,high,budget,26,550.1096132278411,0.435415,560.5188088140629,13.323174715042114,-1.8922039055352038
5,high,budget,27,532.7619565433739,0.432346,521.3123575206428,13.27646017074585,2.149102217624092
5,high,budget,28,524.3544239053867,0.428265,530.9879533149574,13.304997205734253,-1.2650850468971333
5,high,budget,29,548.2897567353768,0.42771,539.666270511493,13.51042890548706,1.5727972514441433
5,high,standard,0,832.3593557902034,0.435594,841.4757276365916,13.505096912384033,-1.0952447140734753
5,high,standard,1,854.1230200748298,0.434272,833.4618814488584,13.232807874679565,2.418988616436219
5,high,standard,2,874.5384213160289,0.437541,889.8205698934457,13.412978887557983,-1.7474530798109282
5,high,standard,3,871.2402392014924,0.442558,824.9250445160849,13.535626888275146,5.316007296432524
5,high,standard,4,851.7876644152624,0.43671,832.5688305688121,13.481467008590698,2.2562939860890863
5,high,standard,5,815.4491163192572,0.432969,825.188488720645,13.55183219909668,-1.194356852742567
5,high,standard,6,873.1032460149675,0.438858,876.7951819681956,13.669816970825195,-0.4228521621101456
5,high,standard,7,800.7765120758786,0.436508,815.4243709556877,13.353436946868896,-1.8292068584575427
5,high,standard,8,887.5660231818053,0.436771,891.57087331861,13.325177907943726,-0.4512171525502726
5,high,standard,9,832.8884967171475,0.435334,846.7121915497155,13.424077033996582,-1.6597293499735495
5,high,standard,10,829.4789075703853,0.438427,815.3052077973039,13.547967195510864,1.7087474610532827
5,high,standard,11,812.5809983132959,0.437178,823.19427527845,13.194216966629028,-1.306119265302103
5,high,standard,12,866.835686143393,0.437956,867.3625599874276,13.36366581916809,-0.06078128213418795
5,high,standard,13,882.6133770387161,0.436988,872.157346808221,13.317272186279297,1.1846670923543527
5,high,standard,14,851.1729984162043,0.435518,817.7807857431198,13.49022388458252,3.923081763074967
5,high,standard,15,818.3224339238068,0.437596,830.8391210820192,13.37401294708252,-1.5295544444743727
5,high,standard,16,826.0008839470323,0.436458,823.1542162827508,13.421465158462524,0.3446325203284024
5,high,standard,17,829.1346706696833,0.433357,836.5679309682401,13.457254886627197,-0.896508198427298
5,high,standard,18,844.884001640746,0.437003,843.111908274107,13.432283878326416,0.20974398416795553
5,high,standard,19,795.101322831192,0.440802,791.7403915467884,13.567598104476929,0.42270477835906595
5,high,standard,20,817.8172604024132,0.437953,800.2898831949176,13.455100774765015,2.143189934493577
5,high,standard,21,892.6817808776171,0.435523,889.7997055236873,13.435189008712769,0.3228558502780701
5,high,standard,22,859.8054925333552,0.441029,856.2256026005887,13.483975887298584,0.41636044010588985
5,high,standard,23,855.547835344287,0.437979,840.5914985236974,13.605416059494019,1.7481590394733384
5,high,standard,24,851.3935627980478,0.43636,859.1250932735759,13.431311845779419,-0.9081029988198313
5,high,standard,25,868.5213517039593,0.436194,880.9528135190807,13.373008966445923,-1.4313363500772835
5,high,standard,26,851.5034585029827,0.444259,860.1222018689842,13.542247295379639,-1.012179490281118
5,high,standard,27,827.2625381942056,0.437052,840.7396691446804,13.407276153564453,-1.6291238063182993
5,high,standard,28,812.5281188329092,0.442542,777.8986164298839,13.412670850753784,4.261945106929477
5,high,standard,29,841.039222907401,0.436357,829.1397044568131,13.502495288848877,1.414858918167018
5,high,luxury,0,1572.175919911678,0.435073,1542.714212126793,13.60218620300293,1.8739447291967237
5,high,luxury,1,1599.516183094707,0.436661,1520.7467678857165,13.369008302688599,4.924577571737301
5,high,luxury,2,1622.3177120409691,0.436792,1551.5208548039625,13.238186836242676,4.363932952931896
5,high,luxury,3,1629.9550777408544,0.43594,1544.3981470851438,13.448218822479248,5.249036112964168
5,high,luxury,4,1604.9745231454463,0.438919,1532.9864835157666,13.441973686218262,4.485307311208698
5,high,luxury,5,1557.6496903446673,0.436827,1482.1993147130427,13.53485107421875,4.843860342881681
5,high,luxury,6,1641.3535785222525,0.434639,1574.8897699732256,13.519506931304932,4.04932912802772
5,high,luxury,7,1522.433228988728,0.436191,1482.7441289471783,13.353614091873169,2.6069517720598503
5,high,luxury,8,1642.9452743336783,0.436651,1534.7399198882829,13.384675979614258,6.586059568495351
5,high,luxury,9,1572.5984064711763,0.436244,1498.8806813226392,13.523272037506104,4.687638296286688
5,high,luxury,10,1565.3385512921143,0.436668,1488.4380512169178,13.461774826049805,4.912707223093608
5,high,luxury,11,1531.8229296412078,0.436012,1439.1962773640917,13.229084968566895,6.04682502688556
5,high,luxury,12,1618.261168346248,0.43668,1561.3360717362755,13.402674913406372,3.517670554262024
5,high,luxury,13,1638.585535309798,0.436983,1540.2591485149976,13.410639762878418,6.000686853140707
5,high,luxury,14,1591.7794777562258,0.433975,1520.483559454333,13.383351802825928,4.479007255602485
5,high,luxury,15,1548.664907419778,0.436475,1501.6668562731209,13.36585807800293,3.0347463109343895
5,high,luxury,16,1564.123484938844,0.436394,1515.038718240688,13.512644052505493,3.1381644205716417
5,high,luxury,17,1564.551034292525,0.435713,1543.250014788645,13.531792163848877,1.3614780877705253
5,high,luxury,18,1582.0942283630282,0.43571,1491.2826761979838,13.33769702911377,5.739958501650424
5,high,luxury,19,1518.1459671603982,0.436213,1452.063098875751,13.50312614440918,4.3528665697575395
5,high,luxury,20,1556.7510587575869,0.437311,1517.7694008521487,13.441264152526855,2.5040392737261845
5,high,luxury,21,1659.2962577878898,0.436554,1520.957734607159,13.444473028182983,8.337180448123137
5,high,luxury,22,1605.6930901739654,0.435919,1539.6094195461174,13.318356037139893,4.11558541493682
5,high,luxury,23,1602.592241896232,0.434533,1576.011923792989,13.560869932174683,1.658582726682401
5,high,luxury,24,1590.1033659329182,0.435932,1521.7241559479542,13.422086954116821,4.30029968176602
5,high,luxury,25,1617.6914152320812,0.437552,1553.883330078646,13.23732614517212,3.9443916529829077
5,high,luxury,26,1598.5671420097433,0.435133,1545.5523544510816,13.438179969787598,3.3163941735979092
5,high,luxury,27,1558.5514954599337,0.434566,1510.4412352350842,13.288908958435059,3.0868572751683145
5,high,luxury,28,1536.8522595413167,0.437969,1484.9267044360206,13.367496967315674,3.3786953028779494
5,high,luxury,29,1592.8534489207032,0.436854,1506.066218550025,13.372694969177246,5.448538309000368
7,low,budget,0,526.8536236276336,1.067141,503.65944956400546,13.232944011688232,4.402394331830809
7,low,budget,1,546.3149884982512,1.073391,549.2100201539548,13.052980899810791,-0.5299198661310206
7,low,budget,2,545.6366265577128,1.074416,547.6549631376973,12.786298274993896,-0.36990489306366936
7,low,budget,3,543.3485073857497,1.068046,532.46789815428,12.873552799224854,2.0025101907098954
7,low,budget,4,544.8894252367606,1.069697,514.0633189823969,13.191867113113403,5.657314094684333
7,low,budget,5,530.5612317354685,1.061688,485.79471524983086,13.540464162826538,8.437577758783114
7,low,budget,6,546.6245647351665,1.08004,544.1217224467578,13.432713031768799,0.4578722673433665
7,low,budget,7,503.5314720322283,1.072692,494.37713469879185,13.157114028930664,1.8180268447749628
7,low,budget,8,563.0314925276161,1.083196,543.4931652605595,13.127621173858643,3.470201494297103
7,low,budget,9,535.7609925118986,1.074517,529.3256354483195,13.644938945770264,1.2011619273376213
7,low,budget,10,517.0276587097984,1.082163,523.1788254725483,13.213754892349243,-1.189717157124559
7,low,budget,11,497.1210106704068,1.063162,499.5362598349556,12.954317092895508,-0.4858473314760238
7,low,budget,12,537.5490344274813,1.083776,559.7934300682273,13.079957962036133,-4.138114705096156
7,low,budget,13,553.2783603688803,1.079293,557.6125653752856,13.135178089141846,-0.7833678880040874
7,low,budget,14,530.2624563816154,1.086786,526.2109387595035,13.279781103134155,0.7640589246612827
7,low,budget,15,521.0032269925265,1.09004,495.01511775811235,13.305676937103271,4.988089878911043
7,low,budget,16,527.5468666466157,1.081981,509.59768485601097,13.413122177124023,3.402386200244132
7,low,budget,17,521.6150276205017,1.066653,536.0974646907416,13.254966735839844,-2.776460857791191
7,low,budget,18,528.6618516748126,1.074232,534.333580714533,13.192784070968628,-1.072846285721624
7,low,budget,19,502.21945915460844,1.048638,492.0832179347234,13.186468839645386,2.018289222991777
7,low,budget,20,532.2859380548296,1.069284,518.033410515958,13.323630809783936,2.6776073760196506
7,low,budget,21,572.9807910018799,1.086244,581.6952071109395,13.315428972244263,-1.5208914933818425
7,low,budget,22,548.835920708577,1.077897,543.272590262286,13.234426021575928,1.0136600459948708
7,low,budget,23,528.436699139455,1.078885,512.481876775173,13.006426095962524,3.0192494938871572
7,low,budget,24,527.6597582053769,1.07714,510.912027881672,13.082572937011719,3.173963915813021
7,low,budget,25,555.0762139132316,1.075027,539.0863512193602,13.299458265304565,2.880660762086085
7,low,budget,26,533.3537533851588,1.075518,542.9617040347392,13.075217723846436,-1.8014217746850782
7,low,budget,27,517.6622574899542,1.069223,517.4699215175388,13.07188606262207,0.037154721950956156
7,low,budget,28,513.3778736748742,1.055412,496.34578821567726,13.160495281219482,3.317650863539841
7,low,budget,29,537.4453129446117,1.051404,550.0446378718178,13.299086093902588,-2.344298968424454
7,low,standard,0,808.3356049445472,1.076029,824.0271331241337,13.17342209815979,-1.9412145256997502
7,low,standard,1,833.0085100946188,1.072954,829.1524458349577,13.125904083251953,0.4629081471476372
7,low,standard,2,834.9129941524305,1.072829,814.7315170797302,12.833128929138184,2.4171952304069393
7,low,standard,3,836.3178943294256,1.074172,863.7262930349987,13.035988092422485,-3.2772703886181462
7,low,standard,4,828.1872421536839,1.073556,810.3744658362945,13.142484903335571,2.1508151068673387
7,low,standard,5,808.0144111271902,1.072067,805.4565033067124,13.36353588104248,0.31656710390962967
7,low,standard,6,841.4810540631365,1.079257,825.4940563829547,13.194658041000366,1.8998642456639716
7,low,standard,7,779.7375108063493,1.065126,788.705628256708,13.038634061813354,-1.1501456998117883
7,low,standard,8,855.0080061670362,1.070213,854.0424655244468,13.015604972839355,0.11292767267968565
7,low,standard,9,824.1177556503202,1.070093,837.9549969228467,13.411458969116211,-1.6790369067594468
7,low,standard,10,801.2391945525409,1.071878,804.7131746643689,13.242902994155884,-0.43357590784960487
7,low,standard,11,782.1269517841763,1.118531,783.1368092157195,12.789551019668579,-0.12911681783111098
7,low,standard,12,829.5366582911842,1.080541,842.3555890115377,12.925786972045898,-1.5453121441022426
7,low,standard,13,846.0577222147184,1.071326,846.5378460836665,12.829182863235474,-0.05674835845612237
7,low,standard,14,822.1712405699808,1.068284,806.0445969007199,13.095537185668945,1.9614701747632208
7,low,standard,15,806.9870606333918,1.074628,841.6984513371818,13.276459217071533,-4.30135653929142
7,low,standard,16,812.2860118837748,1.072499,815.3056118412982,13.283152103424072,-0.37174097711231296
7,low,standard,17,805.0567374232987,1.078028,792.5123230403111,13.047742128372192,1.5582025216182693
7,low,standard,18,823.2389962109436,1.074711,838.6620306840327,13.093831300735474,-1.8734577132613408
7,low,standard,19,775.9813723333588,1.069526,771.0732035536864,13.205994844436646,0.6325111600183884
7,low,standard,20,801.4230730373733,1.077121,807.4230179970489,13.276106834411621,-0.7486613701968787
7,low,standard,21,872.8737033517463,1.080084,865.6742990905676,13.089631080627441,0.8247933502331051
7,low,standard,22,838.9494720784776,1.076397,836.9369847059222,13.209811925888062,0.23988183311796832
7,low,standard,23,820.2796322999804,1.06997,812.4227025923702,13.127742290496826,0.9578355231837454
7,low,standard,24,822.9629991854542,1.077174,819.848279103986,13.08629298210144,0.37847632087361305
7,low,standard,25,855.3449464001293,1.07391,867.2976617735079,13.201357126235962,-1.3974146247877823
7,low,standard,26,825.5287792595772,1.077153,803.6001794166443,13.189314126968384,2.656309555022511
7,low,standard,27,803.8456159234299,1.071234,823.4864627541962,13.062016010284424,-2.443360570947882
7,low,standard,28,795.4516159249223,1.08021,780.6549441926775,13.188197135925293,1.8601598684339569
7,low,standard,29,824.3426223195,1.072187,835.9192061029928,13.255198001861572,-1.404341286020013
7,low,luxury,0,1526.8948428104218,1.077586,1466.5475730421226,13.249505996704102,3.9522872221654253
7,low,luxury,1,1559.9771384161847,1.075543,1502.3970959515214,13.09684705734253,3.6910824554213226
7,low,luxury,2,1548.818237260042,1.07442,1493.1479636483193,12.77968978881836,3.594371003159605
7,low,luxury,3,1564.6479164389891,1.072724,1495.5247827273504,12.866246223449707,4.417807545416181
7,low,luxury,4,1560.5018792935712,1.077053,1451.9101961687156,13.127382040023804,6.958766571560572
7,low,luxury,5,1543.455622167656,1.066932,1491.7653227094738,13.461042881011963,3.348998099834409
7,low,luxury,6,1581.9465126158586,1.080643,1483.0708203351494,13.25190782546997,6.250255080825166
7,low,luxury,7,1482.4695750639187,1.081663,1472.776105354942,12.959364891052246,0.6538730960841938
7,low,luxury,8,1582.69662865877,1.072343,1506.5959317119593,12.940626382827759,4.8082933626579365
7,low,luxury,9,1556.0585553946291,1.071292,1526.5859026531461,13.445673942565918,1.8940580763690145
7,low,luxury,10,1511.942652290496,1.075395,1433.7151829067552,13.171341896057129,5.173970670463669
7,low,luxury,11,1474.3297540156825,1.071158,1417.283094053918,12.680891036987305,3.869328405425221
7,low,luxury,12,1548.6044823523757,1.076534,1508.868577483337,12.907307147979736,2.5659169479271213
7,low,luxury,13,1570.737865703561,1.104212,1457.1116459518792,12.825324773788452,7.233939044360321
7,low,luxury,14,1537.5991294278438,1.077977,1473.782310912854,13.016982078552246,4.150419787161084
7,low,luxury,15,1527.2264845000032,1.076193,1468.7545536697987,13.30110216140747,3.8286352039885876
7,low,luxury,16,1538.116673315753,1.075996,1455.127345601005,13.331212997436523,5.395515772925473
7,low,luxury,17,1519.1046271628081,1.070161,1459.4052745760453,13.10158085823059,3.9299039394186948
7,low,luxury,18,1541.6077155772898,1.107862,1501.6672487733647,13.004151105880737,2.590832051522816
7,low,luxury,19,1481.645392380839,1.079804,1461.671619274134,13.229429006576538,1.3480805332650758
7,low,luxury,20,1525.5416037538723,1.074635,1466.2853224285075,13.24657416343689,3.884278290382511
7,low,luxury,21,1622.462190161436,1.071976,1539.1903135478772,13.128242254257202,5.132438655182047
7,low,luxury,22,1566.73388740966,1.075274,1504.1251037772236,13.110290288925171,3.996133876694901
7,low,luxury,23,1536.5194600163882,1.078384,1495.6556465576946,13.09566879272461,2.6595051037139315
7,low,luxury,24,1537.0238812395312,1.078304,1493.6261869789698,13.074042081832886,2.8234886126533922
7,low,luxury,25,1593.1580621923183,1.073889,1514.808224369427,13.186386823654175,4.917894820497303
7,low,luxury,26,1549.822256446549,1.077189,1506.2965077062033,13.075636148452759,2.8084348743411467
7,low,luxury,27,1514.3966833820448,1.079715,1482.0941072062317,13.063848972320557,2.13303268095338
7,low,luxury,28,1504.6115061135658,1.078776,1434.926980396425,13.127985000610352,4.631396572071748
7,low,luxury,29,1561.218925589652,1.067775,1508.5169158112776,13.229053974151611,3.3756963174443615
7,base,budget,0,542.4294811806465,1.068164,536.9867964491873,13.549640893936157,1.0033902876393581
7,base,budget,1,560.1612920274362,1.076334,546.7976807486608,13.365121841430664,2.3856720321404885
7,base,budget,2,571.5218234769505,1.078172,566.9902388527341,13.340698957443237,0.7928979153670351
7,base,budget,3,566.065463558803,1.060799,575.0326889827148,13.404866218566895,-1.5841322251910022
7,base,budget,4,560.366169867555,1.06973,555.2085949318647,13.429382801055908,0.9203937020161799
7,base,budget,5,535.4395480877748,1.067832,523.6424504834908,13.626868963241577,2.2032548111948715
7,base,budget,6,567.2083739600012,1.10799,554.9295659651694,13.60933780670166,2.164779040391529
7,base,budget,7,517.111047336642,1.058725,506.3825812718344,13.291894912719727,2.074692876909911
7,base,budget,8,584.4578925205458,1.080154,580.0621441994366,13.338050842285156,0.7521069314595071
7,base,budget,9,541.4499530383357,1.108351,542.9043287652675,13.531432867050171,-0.26860760053086036
7,base,budget,10,535.3735012308666,1.075651,531.8543886956895,13.549941062927246,0.6573191476765994
7,base,budget,11,516.5112829450837,1.052326,527.3844077228335,13.194151878356934,-2.105108859530152
7,base,budget,12,561.6774451438004,1.073091,555.188115403222,13.357375144958496,1.1553481088985063
7,base,budget,13,577.2029564568903,1.071982,568.0664213067831,13.458992958068848,1.5828981899522852
7,base,budget,14,548.9524073730068,1.070683,552.0274270447543,13.505683183670044,-0.5601614330216427
7,base,budget,15,528.2970808059466,1.064013,503.34390448516973,13.337016820907593,4.723322771859619
7,base,budget,16,536.4701551391103,1.070884,514.6612621512473,13.449368953704834,4.065257457277885
7,base,budget,17,537.2023672588516,1.064691,535.5610490052585,13.541501760482788,0.3055307187062788
7,base,budget,18,542.576756040538,1.075682,545.4087840492135,13.379515886306763,-0.5219589628833801
7,base,budget,19,514.6171448366333,1.045498,485.47911099825194,13.453657865524292,5.662079884188726
7,base,budget,20,543.1707735764876,1.07058,546.3499278071478,13.423017978668213,-0.5852955249648563
7,base,budget,21,585.9285209947366,1.079696,589.4129097147385,13.453640937805176,-0.5946781211616772
7,base,budget,22,562.4698187655332,1.078663,555.5654492859715,13.428791046142578,1.2275093256941227
7,base,budget,23,551.2367436450181,1.0658,539.6264998515915,13.47315788269043,2.1062173244574844
7,base,budget,24,545.875624258556,1.073611,550.1450101796836,13.39499807357788,-0.7821169752590822
7,base,budget,25,563.6362158503961,1.074153,546.3725958788136,13.397509098052979,3.062901120634282
7,base,budget,26,550.1096132278411,1.074956,537.9443169864203,13.454887866973877,2.211431312759532
7,base,budget,27,532.7619565433739,1.069088,522.5728592211564,13.233036041259766,1.9125046743813476
7,base,budget,28,524.3544239053867,1.052184,518.4459445543055,13.320238828659058,1.1268102416443768
7,base,budget,29,548.289756735377,1.060929,558.8488363694016,13.491570234298706,-1.9258210652877175
7,base,standard,0,832.3593557902035,1.072077,824.5564375291219,13.490864038467407,0.9374458527799981
7,base,standard,1,854.1230200748297,1.067852,843.6080340861162,13.305182933807373,1.2310856564657766
7,base,standard,2,874.5384213160296,1.078059,855.3789129014755,13.25969409942627,2.190813799320831
7,base,standard,3,871.2402392014926,1.076475,875.8111832638115,13.49982476234436,-0.5246479508921914
7,base,standard,4,851.7876644152625,1.075775,828.4497909100558,13.439532041549683,2.739869861959998
7,base,standard,5,815.4491163192573,1.071642,825.4179809885567,13.565867900848389,-1.2224999046288063
7,base,standard,6,873.1032460149677,1.073892,868.4734593906727,13.53716778755188,0.5302679431586503
7,base,standard,7,800.7765120758788,1.074148,797.3533927526146,13.377035856246948,0.42747499104218006
7,base,standard,8,887.5660231818056,1.074788,902.1905852025202,13.34257984161377,-1.6477153967980342
7,base,standard,9,832.8884967171474,1.073472,848.5417688474192,13.507230997085571,-1.8793958845595329
7,base,standard,10,829.4789075703852,1.072999,857.7828368002125,13.481812953948975,-3.412254244382409
7,base,standard,11,812.580998313296,1.071933,788.3859496095964,13.24275803565979,2.9775553149682517
7,base,standard,12,866.835686143393,1.072365,841.7341065836965,13.419719934463501,2.89577136254911
7,base,standard,13,882.613377038716,1.068734,880.1060566038303,13.419725894927979,0.28407913364037357
7,base,standard,14,851.1729984162046,1.075379,862.2627785537812,13.446249961853027,-1.3028820413960092
7,base,standard,15,818.3224339238071,1.07738,816.358042040869,13.45274806022644,0.24005108518398732
7,base,standard,16,826.0008839470322,1.077016,825.0731340624004,13.4756760597229,0.11231826777213068
7,base,standard,17,829.1346706696834,1.063971,812.3113813287902,13.529989957809448,2.0290177140108274
7,base,standard,18,844.8840016407455,1.07785,854.8756759517527,13.296958923339844,-1.1826090080535974
7,base,standard,19,795.1013228311919,1.072171,794.8048351610266,13.51939082145691,0.03728929403732957
7,base,standard,20,817.8172604024132,1.072614,803.9714441381516,13.444310903549194,1.6930207926216572
7,base,standard,21,892.681780877617,1.068277,872.6353402831135,13.49618411064148,2.245642402917132
7,base,standard,22,859.8054925333552,1.072878,895.540500694784,13.426066160202026,-4.15617351502817
7,base,standard,23,855.5478353442869,1.074391,850.6510367117844,13.636360883712769,0.5723582516612826
7,base,standard,24,851.3935627980478,1.074574,847.730737453046,13.423133134841919,0.4302152970201204
7,base,standard,25,868.5213517039593,1.070424,854.2807162997908,13.396305799484253,1.6396413716519125
7,base,standard,26,851.5034585029827,1.0752,850.2598549485627,13.410192966461182,0.146047974556236
7,base,standard,27,827.2625381942058,1.070739,816.7310966004524,13.391211986541748,1.273047080887052
7,base,standard,28,812.5281188329094,1.074379,830.2651833202513,13.408074855804443,-2.18294777451134
7,base,standard,29,841.0392229074013,1.071384,848.9136198510229,13.611987113952637,-0.9362698824438274
7,base,luxury,0,1572.175919911678,1.081517,1518.5895108443324,13.67711091041565,3.408423217063137
7,base,luxury,1,1599.5161830947068,1.092159,1502.0871498612617,13.463500261306763,6.091156454881356
7,base,luxury,2,1622.3177120409707,1.089726,1503.688571910765,13.505544424057007,7.312324783840482
7,base,luxury,3,1629.9550777408542,1.070158,1508.583606780173,13.494026899337769,7.446307730695502
7,base,luxury,4,1604.9745231454465,1.078431,1511.6210215900421,13.509115934371948,5.816509870352905
7,base,luxury,5,1557.6496903446673,1.080676,1500.0093922539359,13.632506847381592,3.700466057806435
7,base,luxury,6,1641.3535785222525,1.076705,1564.166499233414,13.750856161117554,4.702647881532738
7,base,luxury,7,1522.433228988728,1.072799,1489.6552049530342,13.34720516204834,2.153002405068791
7,base,luxury,8,1642.9452743336785,1.074455,1523.9761930231427,13.356990098953247,7.241207797306913
7,base,luxury,9,1572.598406471177,1.076195,1494.765010882513,13.602051973342896,4.949349768407673
7,base,luxury,10,1565.3385512921145,1.076293,1501.4063101934817,13.681493043899536,4.08424369577174
7,base,luxury,11,1531.8229296412076,1.072461,1470.4975599633656,13.202749252319336,4.003424187690282
7,base,luxury,12,1618.2611683462485,1.072282,1549.3194641037912,13.416818141937256,4.260233489561573
7,base,luxury,13,1638.5855353097977,1.077619,1557.6880459334832,13.465874910354614,4.93703182611213
7,base,luxury,14,1591.779477756226,1.080452,1530.1296843883479,13.57505202293396,3.8730109433738744
7,base,luxury,15,1548.664907419779,1.075325,1462.260847731463,13.377178192138672,5.579261160651808
7,base,luxury,16,1564.1234849388447,1.075042,1488.0273288386788,13.448936939239502,4.865099004836
7,base,luxury,17,1564.5510342925256,1.072279,1544.1716294234643,13.568681240081787,1.3025720748237963
7,base,luxury,18,1582.094228363028,1.077131,1544.9903834047254,13.463250160217285,2.345236098654715
7,base,luxury,19,1518.1459671603982,1.070279,1501.9873226182142,13.529619216918945,1.0643669905080193
7,base,luxury,20,1556.7510587575869,1.075934,1470.1219403894222,13.53042984008789,5.564738040859384
7,base,luxury,21,1659.2962577878898,1.083445,1583.1757476115677,13.582656860351562,4.587517739466432
7,base,luxury,22,1605.6930901739654,1.083144,1536.7580383449774,13.595825910568237,4.293164880065552
7,base,luxury,23,1602.5922418962323,1.078005,1557.8770771146462,13.558629274368286,2.7901772898062833
7,base,luxury,24,1590.103365932918,1.078387,1546.5310551058676,13.582070112228394,2.7402187656829713
7,base,luxury,25,1617.6914152320808,1.078298,1572.8646891248216,13.581234216690063,2.771030722248606
7,base,luxury,26,1598.5671420097433,1.081295,1531.7418447483292,13.69956111907959,4.180324711128511
7,base,luxury,27,1558.5514954599337,1.074492,1532.4082848812184,13.41226577758789,1.6774043497998345
7,base,luxury,28,1536.852259541317,1.084374,1468.4303711781438,13.341171979904175,4.452079758375348
7,base,luxury,29,1592.8534489207032,1.076106,1522.322737935064,13.547780752182007,4.427947281241089
7,high,budget,0,542.4294811806465,1.06938,546.3872610242371,13.650875329971313,-0.7296395164540403
7,high,budget,1,560.1612920274362,1.066524,571.7189912862323,13.278183937072754,-2.0632805985155467
7,high,budget,2,571.5218234769505,1.074727,582.2040261012162,13.470398902893066,-1.869080441981837
7,high,budget,3,566.0654635588029,1.07048,567.6489729265744,13.613988876342773,-0.27973961842083256
7,high,budget,4,560.3661698675553,1.069103,575.1102011101395,13.644767045974731,-2.6311422843511503
7,high,budget,5,535.4395480877748,1.069456,530.0535443101298,13.604548931121826,1.0059032428366792
7,high,budget,6,567.2083739600012,1.072548,554.1961144668886,13.697782039642334,2.294088044269626
7,high,budget,7,517.1110473366418,1.070383,514.4331826081426,13.424614191055298,0.5178509997594245
7,high,budget,8,584.4578925205457,1.077522,586.9804291474367,13.497159004211426,-0.4316027996494753
7,high,budget,9,541.4499530383357,1.098205,544.2382536389403,13.50148892402649,-0.5149692201390081
7,high,budget,10,535.3735012308665,1.072965,522.4214030360331,13.571671962738037,2.419263965260795
7,high,budget,11,516.5112829450837,1.063208,528.4473188437114,13.265182256698608,-2.3108954814248897
7,high,budget,12,561.6774451438005,1.077054,549.6307921812955,13.52327013015747,2.1447635233814233
7,high,budget,13,577.2029564568904,1.070945,584.9408327397713,13.355369091033936,-1.340581540049469
7,high,budget,14,548.952407373007,1.098391,567.988590367574,13.418781042098999,-3.467729212749804
7,high,budget,15,528.2970808059467,1.067139,519.8845046087599,13.376371145248413,1.592394980557711
7,high,budget,16,536.4701551391101,1.07369,529.2041134661043,13.522743701934814,1.3544167561607756
7,high,budget,17,537.2023672588516,1.065947,547.9868793455759,13.410396099090576,-2.0075324950174163
7,high,budget,18,542.576756040538,1.071393,549.5770311623173,13.309216976165771,-1.2901907506808612
7,high,budget,19,514.6171448366332,1.046758,500.68717935588927,13.500326871871948,2.70685996774671
7,high,budget,20,543.1707735764875,1.07067,538.4262841893368,13.52063798904419,0.8734802419339995
7,high,budget,21,585.9285209947366,1.070021,597.7433020138488,13.437301874160767,-2.0164201938922868
7,high,budget,22,562.4698187655331,1.072055,552.3622260891767,13.55079197883606,1.7970017837649972
7,high,budget,23,551.2367436450181,1.070435,549.0846030792974,13.716593742370605,0.3904203757336365
7,high,budget,24,545.8756242585561,1.077806,553.9982744321868,13.638262033462524,-1.4880038259014514
7,high,budget,25,563.6362158503961,1.074059,570.6546690467189,13.485168218612671,-1.2452097645524165
7,high,budget,26,550.1096132278411,1.073001,552.1115759499868,13.515063047409058,-0.3639206939865823
7,high,budget,27,532.7619565433739,1.082472,528.1632037422544,13.386820793151855,0.8631909138101402
7,high,budget,28,524.3544239053867,1.06344,516.0370114730372,13.429212808609009,1.586219559358639
7,high,budget,29,548.2897567353768,1.059688,542.5737186771198,13.435731887817383,1.0425214018754285
7,high,standard,0,832.3593557902034,1.075571,801.3264452934264,13.45873212814331,3.7283068041345833
7,high,standard,1,854.1230200748298,1.080313,846.4097312434127,13.33470606803894,0.9030653255009279
7,high,standard,2,874.5384213160289,1.075322,871.3169252138052,13.312036991119385,0.3683653026216834
7,high,standard,3,871.2402392014924,1.068746,887.2853311051301,13.464307069778442,-1.8416380673995683
7,high,standard,4,851.7876644152624,1.075798,846.2909116040878,13.358201026916504,0.6453196073164565
7,high,standard,5,815.4491163192572,1.074405,821.9210846175667,13.573144912719727,-0.7936691779767289
7,high,standard,6,873.1032460149675,1.071572,867.3817535796405,13.651243925094604,0.6553053675428484
7,high,standard,7,800.7765120758786,1.072909,798.5986403505171,13.351651191711426,0.2719699807023172
7,high,standard,8,887.5660231818053,1.07406,906.3324147977864,13.284281015396118,-2.1143657064187846
7,high,standard,9,832.8884967171475,1.107469,844.9717808570745,13.538361072540283,-1.4507685227438651
7,high,standard,10,829.4789075703853,1.076196,785.2964505383968,13.588703393936157,5.326531709094655
7,high,standard,11,812.5809983132959,1.072279,812.9957337069324,13.222346067428589,-0.0510392680234095
7,high,standard,12,866.835686143393,1.075232,846.968979605631,13.312136888504028,2.2918653275743868
7,high,standard,13,882.6133770387161,1.07749,901.8161765768372,13.412994861602783,-2.175675107321511
7,high,standard,14,851.1729984162043,1.079709,869.9462463847156,13.54751992225647,-2.205573720435563
7,high,standard,15,818.3224339238068,1.074525,840.5337123759983,13.407973051071167,-2.7142453306198395
7,high,standard,16,826.0008839470323,1.078171,810.6397593291624,13.427764892578125,1.8596983267701859
7,high,standard,17,829.1346706696833,1.079275,827.4663207074204,13.54263710975647,0.20121580019266527
7,high,standard,18,844.884001640746,1.071899,822.4040215574614,13.399982929229736,2.6607179257305056
7,high,standard,19,795.101322831192,1.077615,779.127652184399,13.49393892288208,2.0090106994054513
7,high,standard,20,817.8172604024132,1.078373,835.1044306669479,13.409377574920654,-2.1138182209590903
7,high,standard,21,892.6817808776171,1.076887,887.4299780331118,13.51229977607727,0.5883174673221421
7,high,standard,22,859.8054925333552,1.069404,887.8366045925827,13.496072769165039,-3.2601689920165424
7,high,standard,23,855.547835344287,1.081159,861.208608682126,13.618398904800415,-0.6616548022193336
7,high,standard,24,851.3935627980478,1.076351,845.2893814338346,13.367714166641235,0.7169635326055597
7,high,standard,25,868.5213517039593,1.080558,824.2272916961359,13.388539791107178,5.099939100048897
7,high,standard,26,851.5034585029827,1.072474,871.7704309271398,13.461723804473877,-2.3801397659368635
7,high,standard,27,827.2625381942056,1.072851,814.3642128619008,13.309036254882812,1.5591574302953433
7,high,standard,28,812.5281188329092,1.077923,807.2787039092991,13.22839093208313,0.6460594780584532
7,high,standard,29,841.039222907401,1.07703,835.2045590082354,13.405006885528564,0.6937445650864802
7,high,luxury,0,1572.175919911678,1.06799,1535.382772724162,13.53008484840393,2.3402690959408057
7,high,luxury,1,1599.516183094707,1.106861,1511.9479302057164,13.27630090713501,5.474671267130639
7,high,luxury,2,1622.3177120409691,1.074453,1537.1364105289604,13.200612783432007,5.250593079258549
7,high,luxury,3,1629.9550777408544,1.078866,1541.62036168049,13.500665664672852,5.419457092203903
7,high,luxury,4,1604.9745231454463,1.076771,1551.4684310189007,13.491699934005737,3.333765823377917
7,high,luxury,5,1557.6496903446673,1.069704,1487.9781221027517,13.50230622291565,4.472865026956033
7,high,luxury,6,1641.3535785222525,1.070859,1591.2667736614624,13.529476165771484,3.051554857904805
7,high,luxury,7,1522.433228988728,1.079407,1471.5427697070154,13.4041907787323,3.342705500162814
7,high,luxury,8,1642.9452743336783,1.071083,1555.3765861841543,13.365653991699219,5.3299820461176814
7,high,luxury,9,1572.5984064711763,1.072873,1536.294268751722,13.480054140090942,2.3085447352651682
7,high,luxury,10,1565.3385512921143,1.072151,1490.5717292374145,13.449680805206299,4.776399456397675
7,high,luxury,11,1531.8229296412078,1.075545,1435.0843140123468,13.252716779708862,6.315260971548432
7,high,luxury,12,1618.261168346248,1.073161,1524.9022325977387,13.439656019210815,5.769089537254099
7,high,luxury,13,1638.585535309798,1.068541,1517.5287225775237,13.3836510181427,7.387884863110715
7,high,luxury,14,1591.7794777562258,1.0786,1520.5325555951279,13.391036748886108,4.475929182195996
7,high,luxury,15,1548.664907419778,1.07356,1509.4117719555966,13.434419870376587,2.5346435678962274
7,high,luxury,16,1564.123484938844,1.072608,1528.0841349587881,13.484323024749756,2.304124343575408
7,high,luxury,17,1564.551034292525,1.066111,1530.7598851436437,13.481687068939209,2.159798460275939
7,high,luxury,18,1582.0942283630282,1.072597,1489.8196176766514,13.274724006652832,5.832434568821608
7,high,luxury,19,1518.1459671603982,1.073458,1495.4263890844177,13.510109901428223,1.496534494537184
7,high,luxury,20,1556.7510587575869,1.074905,1526.4672114140058,13.48970890045166,1.9453237030556483
7,high,luxury,21,1659.2962577878898,1.069371,1513.7291388914127,13.455613136291504,8.772822708016081
7,high,luxury,22,1605.6930901739654,1.07333,1533.9166172305156,13.363456964492798,4.470124046910691
7,high,luxury,23,1602.592241896232,1.073713,1554.2704818777722,13.658519983291626,3.015224880989326
7,high,luxury,24,1590.1033659329182,1.072766,1521.289906871907,13.452927112579346,4.3276091690201595
7,high,luxury,25,1617.6914152320812,1.066938,1520.084294349043,13.345473051071167,6.033729298676853
7,high,luxury,26,1598.5671420097433,1.07195,1514.0238104188722,13.365521907806396,5.288694441985206
7,high,luxury,27,1558.5514954599337,1.081562,1526.0365960110653,13.351678848266602,2.086225546193656
7,high,luxury,28,1536.8522595413167,1.072616,1525.4894302233604,13.237478256225586,0.7393572965398522
7,high,luxury,29,1592.8534489207032,1.074589,1542.5425176368128,13.465083837509155,3.158541127432682
